data_incendi,codi_comarca,comarca,codi_municipi,termemunic,haarbrades,hanoarbrad,hanoforest,haforestal,source_table
2026-01-01T00:00:00.000,11,Baix Llobregat,80898,Gavà,0.0025,0,0,0.0025,9r29-e8ha
2026-01-10T00:00:00.000,21,Maresme,81939,Sant Iscle de Vallalta,0,0.0004,0,0.0004,9r29-e8ha
2026-01-11T00:00:00.000,8,Baix Camp,430385,Cambrils,0,0.2,0,0.2,9r29-e8ha
2026-01-13T00:00:00.000,41,Vallès Oriental,81249,Mollet del Vallès,0.0001,0,0,0.0001,9r29-e8ha
2026-01-13T00:00:00.000,14,Berguedà,80500,Castellar del Riu,0.001,0,0,0.001,9r29-e8ha
2026-01-16T00:00:00.000,41,Vallès Oriental,80333,Caldes de Montbui,0,0.02,0,0.02,9r29-e8ha
2026-01-25T00:00:00.000,17,Garraf,83073,Vilanova i la Geltrú,0,0.2,0,0.2,9r29-e8ha
2026-01-26T00:00:00.000,40,Vallès Occidental,82055,Sant Cugat del Vallès,0.0003,0,0,0.0003,9r29-e8ha
2026-01-31T00:00:00.000,6,Anoia,82508,Santa Margarida de Montbui,0,0.003,0,0.003,9r29-e8ha
2026-02-07T00:00:00.000,24,Osona,82460,Santa Eugènia de Berga,0,0.28,0,0.28,9r29-e8ha
2026-02-11T00:00:00.000,8,Baix Camp,430923,Mont-roig del Camp,0,0.02,0,0.02,9r29-e8ha
2026-02-12T00:00:00.000,11,Baix Llobregat,80898,Gavà,0.03,0.16,0,0.19,9r29-e8ha
2026-02-12T00:00:00.000,9,Baix Ebre,431554,Tortosa,0,0.0241,0.0177,0.0241,9r29-e8ha
2026-02-12T00:00:00.000,17,Garraf,82704,Sitges,0.18,0,0,0.18,9r29-e8ha
2026-02-12T00:00:00.000,24,Osona,82981,Vic,0,0.005,0,0.005,9r29-e8ha
2026-02-12T00:00:00.000,11,Baix Llobregat,83015,Viladecans,0,0.017,0,0.017,9r29-e8ha
2026-02-12T00:00:00.000,41,Vallès Oriental,82107,Sant Feliu de Codines,0,0.044,0,0.044,9r29-e8ha
2026-02-12T00:00:00.000,11,Baix Llobregat,81141,Martorell,0,0.08,0,0.08,9r29-e8ha
2026-02-14T00:00:00.000,36,Tarragonès,431482,Tarragona,0,0.7,0,0.7,9r29-e8ha
2026-02-16T00:00:00.000,22,Montsià,430141,Amposta,0,0.6994,0,0.6994,9r29-e8ha
2026-02-16T00:00:00.000,20,Gironès,170736,Fornells de la Selva,0,0.0025,0,0.0025,9r29-e8ha
2026-02-17T00:00:00.000,9,Baix Ebre,431554,Tortosa,0.0015,0,0,0.0015,9r29-e8ha
2026-02-18T00:00:00.000,1,Alt Camp,430017,Aiguamúrcia,0.01,0.01,0,0.02,9r29-e8ha
2026-02-18T00:00:00.000,20,Gironès,171668,Sant Jordi Desvalls,0,0.031,0,0.031,9r29-e8ha
2026-02-19T00:00:00.000,8,Baix Camp,430094,Alforja,0,0.025,0,0.025,9r29-e8ha
2026-02-19T00:00:00.000,34,Selva,170950,Lloret de Mar,0.001,0,0,0.001,9r29-e8ha
2026-02-19T00:00:00.000,9,Baix Ebre,431331,Roquetes,0.1203,0,0,0.1203,9r29-e8ha
2026-02-20T00:00:00.000,8,Baix Camp,431628,Vandellòs i l'Hospitalet de l'Infant,0,0.004,0,0.004,9r29-e8ha
2026-02-21T00:00:00.000,36,Tarragonès,431482,Tarragona,0.005,0.005,0,0.01,9r29-e8ha
2026-02-21T00:00:00.000,24,Osona,82536,Santa Maria de Besora,2.05,0.02,0,2.07,9r29-e8ha
2026-02-21T00:00:00.000,21,Maresme,81213,Mataró,0,0.01,0,0.01,9r29-e8ha
2026-02-22T00:00:00.000,34,Selva,170237,Blanes,0.002,0,0,0.002,9r29-e8ha
2026-02-22T00:00:00.000,8,Baix Camp,431286,Riudecols,0,0.074,0,0.074,9r29-e8ha
2026-02-23T00:00:00.000,25,Pallars Jussà,252347,Tremp,0,3.6,0.72,3.6,9r29-e8ha
2026-02-23T00:00:00.000,8,Baix Camp,431188,Pratdip,0,0.02,0,0.02,9r29-e8ha
2026-02-24T00:00:00.000,8,Baix Camp,430173,"Argentera, l'",0,0.19,0,0.19,9r29-e8ha
2026-02-25T00:00:00.000,1,Alt Camp,431613,Valls,0.0126,0,0,0.0126,9r29-e8ha
2026-02-25T00:00:00.000,43,Lluçanès,81712,Prats de Lluçanès,0,0.015,0,0.015,9r29-e8ha
2026-02-25T00:00:00.000,35,Solsonès,251517,Olius,0.0235,0,0,0.0235,9r29-e8ha
2026-02-27T00:00:00.000,41,Vallès Oriental,81810,"Roca del Vallès, la",0,0.05,0,0.05,9r29-e8ha
2026-03-01T00:00:00.000,13,Barcelonès,80193,Barcelona,0,0.002,0,0.002,9r29-e8ha
2026-03-02T00:00:00.000,41,Vallès Oriental,82093,Sant Fost de Campsentelles,0.0368,0,0,0.0368,9r29-e8ha
2026-03-02T00:00:00.000,13,Barcelonès,80193,Barcelona,0,0.004,0,0.004,9r29-e8ha
2026-03-04T00:00:00.000,3,Alt Penedès,80654,Castellví de la Marca,0,0.0005,0,0.0005,9r29-e8ha
2026-03-05T00:00:00.000,41,Vallès Oriental,81593,Parets del Vallès,0,0.0003,0,0.0003,9r29-e8ha
2026-03-13T00:00:00.000,24,Osona,82652,Sant Vicenç de Torelló,0,0.005,0,0.005,9r29-e8ha
2026-03-15T00:00:00.000,9,Baix Ebre,439044,"Aldea, l'",0,0.0294,0,0.0294,9r29-e8ha
2026-03-15T00:00:00.000,4,Alt Urgell,250447,Bassella,0,0.008,0,0.008,9r29-e8ha
2026-03-15T00:00:00.000,40,Vallès Occidental,81878,Sabadell,0,0.0015,0,0.0015,9r29-e8ha
2026-03-15T00:00:00.000,3,Alt Penedès,81458,Olèrdola,0.0005,0,0,0.0005,9r29-e8ha
2026-03-15T00:00:00.000,25,Pallars Jussà,251615,Conca de Dalt,0.55,0,0,0.55,9r29-e8ha
2026-03-15T00:00:00.000,31,Ripollès,170391,Camprodon,0,0.029,0,0.029,9r29-e8ha
2026-03-16T00:00:00.000,10,Baix Empordà,170221,"Bisbal d'Empordà, la",0.03,0,0,0.03,9r29-e8ha
2026-03-16T00:00:00.000,13,Barcelonès,80193,Barcelona,0.05,0,0,0.05,9r29-e8ha
2026-03-16T00:00:00.000,4,Alt Urgell,252038,"Seu d'Urgell, la",0.0025,0,0,0.0025,9r29-e8ha
2026-03-17T00:00:00.000,4,Alt Urgell,251654,Peramola,0,0.006,0,0.006,9r29-e8ha
2026-03-17T00:00:00.000,14,Berguedà,80229,Berga,0,0.12,0,0.12,9r29-e8ha
2026-03-17T00:00:00.000,21,Maresme,82649,Sant Vicenç de Montalt,0,0.11,0,0.11,9r29-e8ha
2026-03-20T00:00:00.000,17,Garraf,82310,Sant Pere de Ribes,0,0.01,0,0.01,9r29-e8ha
2026-03-21T00:00:00.000,6,Anoia,81614,Piera,0,0.02,0.06,0.02,9r29-e8ha
2026-03-22T00:00:00.000,23,Noguera,252206,Térmens,0.0336,0,0,0.0336,9r29-e8ha
2026-03-22T00:00:00.000,21,Maresme,82824,Tiana,0,0.002,0.005,0.002,9r29-e8ha
2026-03-22T00:00:00.000,18,Garrigues,250582,"Borges Blanques, les",0,0.1,0,0.1,9r29-e8ha
2026-03-24T00:00:00.000,8,Baix Camp,430094,Alforja,0,0.85,0,0.85,9r29-e8ha
2026-03-25T00:00:00.000,40,Vallès Occidental,80517,Castellar del Vallès,0,0.7,0,0.7,9r29-e8ha
2026-03-25T00:00:00.000,9,Baix Ebre,430136,"Ametlla de Mar, l'",0.04,1.57,0,1.61,9r29-e8ha
2026-03-25T00:00:00.000,26,Pallars Sobirà,252094,Sort,0.01,0.096,0,0.106,9r29-e8ha
2026-03-25T00:00:00.000,18,Garrigues,251180,Juncosa,0,0.0145,0,0.0145,9r29-e8ha
2026-03-25T00:00:00.000,30,Ribera d'Ebre,431251,Riba-roja d'Ebre,0.3406,0.3079,0,0.6485,9r29-e8ha
2026-03-26T00:00:00.000,34,Selva,171805,Santa Coloma de Farners,0.1,0.4,0,0.5,9r29-e8ha
2026-03-26T00:00:00.000,9,Baix Ebre,431021,Paüls,0.46,0,0,0.46,9r29-e8ha
2026-03-26T00:00:00.000,22,Montsià,430770,Mas de Barberans,0,0.6101,0,0.6101,9r29-e8ha
2026-03-27T00:00:00.000,2,Alt Empordà,170160,Bàscara,0.002,0.002,0,0.004,9r29-e8ha
2026-03-27T00:00:00.000,2,Alt Empordà,171714,Sant Llorenç de la Muga,0.2,0.2,0,0.4,9r29-e8ha
2026-03-27T00:00:00.000,28,Pla de l'Estany,172180,Vilademuls,0.5,0,0,0.5,9r29-e8ha
2026-03-27T00:00:00.000,10,Baix Empordà,171100,Mont-ras,0,0.012,0,0.012,9r29-e8ha
2026-03-28T00:00:00.000,25,Pallars Jussà,251288,Llimiana,0.98,5.06,0.01,6.04,9r29-e8ha
2026-03-28T00:00:00.000,2,Alt Empordà,170622,"Escala, l'",0,0.29,0,0.29,9r29-e8ha
2026-03-29T00:00:00.000,31,Ripollès,171479,Ripoll,0.34,0,0,0.34,9r29-e8ha
2026-03-29T00:00:00.000,10,Baix Empordà,170340,Calonge i Sant Antoni,0,0.001,0,0.001,9r29-e8ha
2026-03-29T00:00:00.000,10,Baix Empordà,171609,Sant Feliu de Guíxols,0,0.0006,0,0.0006,9r29-e8ha
2026-03-29T00:00:00.000,35,Solsonès,251240,Lladurs,0.13,0,0,0.13,9r29-e8ha
2026-03-29T00:00:00.000,7,Bages,81136,Manresa,0.0025,0,0,0.0025,9r29-e8ha
2026-03-29T00:00:00.000,31,Ripollès,170391,Camprodon,0.4145,0,0,0.4145,9r29-e8ha
2026-03-29T00:00:00.000,35,Solsonès,251484,Odèn,0,0.001,0,0.001,9r29-e8ha
2026-03-29T00:00:00.000,14,Berguedà,81751,Puig-reig,0,0.159,0,0.159,9r29-e8ha
2026-03-30T00:00:00.000,6,Anoia,80082,Argençola,0,0.006,0,0.006,9r29-e8ha
2026-03-30T00:00:00.000,9,Baix Ebre,439018,Deltebre,0,0.002,0,0.002,9r29-e8ha
2026-03-30T00:00:00.000,1,Alt Camp,430017,Aiguamúrcia,0.1,0,0,0.1,9r29-e8ha
2026-03-30T00:00:00.000,25,Pallars Jussà,251155,Isona i Conca Dellà,0,0.08,0,0.08,9r29-e8ha
2026-03-31T00:00:00.000,18,Garrigues,251180,Juncosa,0.22,1.08,0.1,1.3,9r29-e8ha
2026-03-31T00:00:00.000,2,Alt Empordà,171766,Sant Mori,0,0.01,0,0.01,9r29-e8ha
2026-03-31T00:00:00.000,10,Baix Empordà,171100,Mont-ras,0.005,0,0,0.005,9r29-e8ha
2026-03-31T00:00:00.000,22,Montsià,430635,"Galera, la",0,0.002,0,0.002,9r29-e8ha
2026-04-02T00:00:00.000,11,Baix Llobregat,80734,Cornellà de Llobregat,0,0.2,0,0.2,9r29-e8ha
2026-04-02T00:00:00.000,13,Barcelonès,80193,Barcelona,0,0.0777,0,0.0777,9r29-e8ha
2026-04-03T00:00:00.000,33,Segrià,250122,Alcoletge,0.02,0.03,0,0.05,9r29-e8ha
2026-04-03T00:00:00.000,21,Maresme,80095,Argentona,0,0.01,0,0.01,9r29-e8ha
2026-04-04T00:00:00.000,33,Segrià,251207,Lleida,0.03,0,0,0.03,9r29-e8ha
2026-04-04T00:00:00.000,1,Alt Camp,430017,Aiguamúrcia,0,0.001,0,0.001,9r29-e8ha
2026-04-04T00:00:00.000,10,Baix Empordà,170340,Calonge i Sant Antoni,0,0.0027,0,0.0027,9r29-e8ha
2026-04-04T00:00:00.000,23,Noguera,251569,Os de Balaguer,0,0.01,0,0.01,9r29-e8ha
2026-04-04T00:00:00.000,7,Bages,81136,Manresa,0,0.0175,0,0.0175,9r29-e8ha
2026-04-04T00:00:00.000,13,Barcelonès,81944,Sant Adrià de Besòs,0,0.03,0,0.03,9r29-e8ha
2026-04-04T00:00:00.000,7,Bages,82747,Súria,0,0.03,0,0.03,9r29-e8ha
2026-04-05T00:00:00.000,4,Alt Urgell,259097,"Vansa i Fórnols, la",0.57,1.2,0,1.77,9r29-e8ha
2026-04-05T00:00:00.000,8,Baix Camp,431628,Vandellòs i l'Hospitalet de l'Infant,0.004,0.012,0,0.016,9r29-e8ha
2026-04-05T00:00:00.000,8,Baix Camp,430398,Capafonts,0.2745,0,0,0.2745,9r29-e8ha
2026-04-06T00:00:00.000,1,Alt Camp,430017,Aiguamúrcia,0,0.003,0,0.003,9r29-e8ha
2026-04-06T00:00:00.000,33,Segrià,251207,Lleida,0.05,0,0,0.05,9r29-e8ha
2026-04-06T00:00:00.000,15,Cerdanya,250518,Bellver de Cerdanya,0,0.0745,0,0.0745,9r29-e8ha
2026-04-06T00:00:00.000,8,Baix Camp,430923,Mont-roig del Camp,0.004,0,0,0.004,9r29-e8ha
2026-04-06T00:00:00.000,33,Segrià,251207,Lleida,0.003,0,0,0.003,9r29-e8ha
2026-04-06T00:00:00.000,33,Segrià,250117,Alcarràs,0.02,0,0,0.02,9r29-e8ha
2026-04-06T00:00:00.000,31,Ripollès,171479,Ripoll,0,0.05,0,0.05,9r29-e8ha
2026-04-07T00:00:00.000,18,Garrigues,251193,Juneda,0,0.001,0,0.001,9r29-e8ha
2026-04-07T00:00:00.000,25,Pallars Jussà,259046,Castell de Mur,0,0.017,0,0.017,9r29-e8ha
2026-04-07T00:00:00.000,33,Segrià,251312,Massalcoreig,3.3,0,0,3.3,9r29-e8ha
2026-04-07T00:00:00.000,19,Garrotxa,170195,Besalú,0.02,0,0,0.02,9r29-e8ha
2026-04-08T00:00:00.000,3,Alt Penedès,83054,Vilafranca del Penedès,0,0.022,0,0.022,9r29-e8ha
2026-04-08T00:00:00.000,24,Osona,81290,Muntanyola,0.17,0,0,0.17,9r29-e8ha
2026-04-08T00:00:00.000,23,Noguera,250621,Camarasa,0,0.0015,0,0.0015,9r29-e8ha
2026-04-08T00:00:00.000,7,Bages,81918,Sallent,0.01,0.01,0,0.02,9r29-e8ha
2026-04-09T00:00:00.000,30,Ribera d'Ebre,430653,Garcia,0.21,0.01,0.02,0.22,9r29-e8ha
2026-04-09T00:00:00.000,37,Terra Alta,430228,Batea,1.56,0.06,0,1.62,9r29-e8ha
2026-04-09T00:00:00.000,33,Segrià,251023,"Granja d'Escarp, la",0.0875,0,0,0.0875,9r29-e8ha
2026-04-09T00:00:00.000,9,Baix Ebre,431042,"Perelló, el",0,0.0943,0,0.0943,9r29-e8ha
2026-04-09T00:00:00.000,17,Garraf,80749,Cubelles,0,0.025,0,0.025,9r29-e8ha
2026-04-10T00:00:00.000,40,Vallès Occidental,82055,Sant Cugat del Vallès,0,0.013,0,0.013,9r29-e8ha
2026-04-10T00:00:00.000,33,Segrià,251207,Lleida,0,0.000647,0,0.000647,9r29-e8ha
2026-04-10T00:00:00.000,11,Baix Llobregat,80018,Abrera,0.05,0,0,0.05,9r29-e8ha
2026-04-10T00:00:00.000,18,Garrigues,250582,"Borges Blanques, les",0.1074,0.0239,0,0.1313,9r29-e8ha
2026-04-10T00:00:00.000,8,Baix Camp,431270,Riudecanyes,0.0095,0,0,0.0095,9r29-e8ha
2026-04-10T00:00:00.000,40,Vallès Occidental,80517,Castellar del Vallès,0.16,0,0,0.16,9r29-e8ha
2026-04-11T00:00:00.000,3,Alt Penedès,83054,Vilafranca del Penedès,0,0.05,0,0.05,9r29-e8ha
2026-04-11T00:00:00.000,11,Baix Llobregat,82009,Sant Boi de Llobregat,0,0.073,0,0.073,9r29-e8ha
2026-04-11T00:00:00.000,38,Urgell,250501,Bellpuig,0,0.072,0.055,0.072,9r29-e8ha
2026-04-11T00:00:00.000,33,Segrià,251207,Lleida,0.0238,0,0,0.0238,9r29-e8ha
2026-04-11T00:00:00.000,33,Segrià,251207,Lleida,0,0.1188,0,0.1188,9r29-e8ha
2026-04-11T00:00:00.000,8,Baix Camp,431628,Vandellòs i l'Hospitalet de l'Infant,0,0.0966,0.03,0.0966,9r29-e8ha
2026-04-11T00:00:00.000,15,Cerdanya,251790,Prullans,0.0088,0.03,0,0.0388,9r29-e8ha
2026-04-11T00:00:00.000,29,Priorat,430555,Falset,0,0.0025,0,0.0025,9r29-e8ha
2026-04-11T00:00:00.000,30,Ribera d'Ebre,430607,Flix,0.02,0,0,0.02,9r29-e8ha
2026-04-11T00:00:00.000,9,Baix Ebre,431554,Tortosa,0.16,0,0,0.16,9r29-e8ha
2026-04-12T00:00:00.000,36,Tarragonès,430509,Creixell,0.5,0,0,0.5,9r29-e8ha
2026-04-12T00:00:00.000,40,Vallès Occidental,81878,Sabadell,0,0.0008,0,0.0008,9r29-e8ha
2026-04-15T00:00:00.000,18,Garrigues,251193,Juneda,0.0523,0,0,0.0523,9r29-e8ha
2026-04-15T00:00:00.000,11,Baix Llobregat,82080,Sant Esteve Sesrovires,0,0.0015,0,0.0015,9r29-e8ha
2026-04-16T00:00:00.000,11,Baix Llobregat,81477,Olesa de Montserrat,0,0.021,0,0.021,9r29-e8ha
2026-04-16T00:00:00.000,9,Baix Ebre,430136,"Ametlla de Mar, l'",0.17,0,0,0.17,9r29-e8ha
2026-04-16T00:00:00.000,32,Segarra,251919,Sanaüja,0.01,0.02,0,0.03,9r29-e8ha
2026-04-17T00:00:00.000,1,Alt Camp,431191,Puigpelat,0,0.3339,0,0.3339,9r29-e8ha
2026-04-18T00:00:00.000,23,Noguera,250352,"Sentiu de Sió, la",0,0.002,0,0.002,9r29-e8ha
2026-04-18T00:00:00.000,33,Segrià,251023,"Granja d'Escarp, la",0.07,0.25,0,0.32,9r29-e8ha
2026-04-18T00:00:00.000,33,Segrià,251312,Massalcoreig,0.0183,0,0,0.0183,9r29-e8ha
2026-04-18T00:00:00.000,9,Baix Ebre,430069,Aldover,0,0.1754,0,0.1754,9r29-e8ha
2026-04-19T00:00:00.000,34,Selva,170950,Lloret de Mar,0.06,0,0,0.06,9r29-e8ha
2026-04-20T00:00:00.000,21,Maresme,80060,Arenys de Mar,0.0002,0.0015,0,0.0017,9r29-e8ha
2026-04-20T00:00:00.000,34,Selva,170950,Lloret de Mar,0.0025,0,0,0.0025,9r29-e8ha
2026-04-21T00:00:00.000,41,Vallès Oriental,80885,"Garriga, la",0.13,0,0,0.13,9r29-e8ha
2026-04-22T00:00:00.000,18,Garrigues,250735,Cervià de les Garrigues,0.03,0.12,0,0.15,9r29-e8ha
2026-04-23T00:00:00.000,16,Conca de Barberà,431726,Vilaverd,0.0008,0.0002,0,0.001,9r29-e8ha
2026-04-23T00:00:00.000,8,Baix Camp,430173,"Argentera, l'",0,0.058,0,0.058,9r29-e8ha
2026-04-23T00:00:00.000,8,Baix Camp,431188,Pratdip,0,0.003,0,0.003,9r29-e8ha
2026-04-23T00:00:00.000,8,Baix Camp,430458,Colldejou,0,0.001,0,0.001,9r29-e8ha
2026-04-25T00:00:00.000,40,Vallès Occidental,82606,Santa Perpètua de Mogoda,0.002,0.003,0,0.005,9r29-e8ha
2026-04-26T00:00:00.000,33,Segrià,251207,Lleida,0,0.0425,0,0.0425,9r29-e8ha
2026-04-26T00:00:00.000,41,Vallès Oriental,82021,Sant Celoni,0,0.0052,0,0.0052,9r29-e8ha
2026-04-27T00:00:00.000,9,Baix Ebre,431554,Tortosa,0.075,0,0,0.075,9r29-e8ha
2026-04-27T00:00:00.000,33,Segrià,251207,Lleida,0.02,0,0,0.02,9r29-e8ha
2026-04-27T00:00:00.000,33,Segrià,252326,Torres de Segre,0,0.004,0,0.004,9r29-e8ha
2026-04-28T00:00:00.000,40,Vallès Occidental,81846,Rubí,0,0.003,0,0.003,9r29-e8ha
2026-04-28T00:00:00.000,9,Baix Ebre,439018,Deltebre,0,0.05,0,0.05,9r29-e8ha
2026-04-28T00:00:00.000,40,Vallès Occidental,81878,Sabadell,0,0.0004,0,0.0004,9r29-e8ha
2026-04-29T00:00:00.000,21,Maresme,82037,Sant Cebrià de Vallalta,0,0,0.06,0,9r29-e8ha
2026-04-29T00:00:00.000,41,Vallès Oriental,80863,"Franqueses del Vallès, les",0.013,0,0,0.013,9r29-e8ha
2026-04-30T00:00:00.000,40,Vallès Occidental,82798,Terrassa,0.02,0,0,0.02,9r29-e8ha
2026-04-30T00:00:00.000,40,Vallès Occidental,81846,Rubí,0.0001,0,0,0.0001,9r29-e8ha
2026-04-30T00:00:00.000,13,Barcelonès,80193,Barcelona,0,0.467,0,0.467,9r29-e8ha
2026-04-30T00:00:00.000,9,Baix Ebre,431495,Tivenys,0.025,0,0,0.025,9r29-e8ha
2026-04-30T00:00:00.000,33,Segrià,250077,Albatàrrec,0,0.37,0.86,0.37,9r29-e8ha
2026-05-01T00:00:00.000,25,Pallars Jussà,259046,Castell de Mur,0.007,0,0,0.007,9r29-e8ha
2026-05-01T00:00:00.000,23,Noguera,250083,Albesa,3.17,0.16,0.13,3.33,9r29-e8ha
2026-05-01T00:00:00.000,2,Alt Empordà,171328,Peralada,0,0.005,0,0.005,9r29-e8ha
2026-05-01T00:00:00.000,40,Vallès Occidental,82798,Terrassa,0,0.04,0,0.04,9r29-e8ha
2026-05-01T00:00:00.000,33,Segrià,250334,Artesa de Lleida,0,0.1,0,0.1,9r29-e8ha
2026-05-01T00:00:00.000,9,Baix Ebre,431554,Tortosa,0.1,0,0,0.1,9r29-e8ha
2026-05-01T00:00:00.000,20,Gironès,170792,Girona,0,0.0146,0.0176,0.0146,9r29-e8ha
2026-05-02T00:00:00.000,28,Pla de l'Estany,170715,Fontcoberta,0,0.03,0,0.03,9r29-e8ha
2026-05-02T00:00:00.000,40,Vallès Occidental,82671,Sentmenat,0,0.24,0,0.24,9r29-e8ha
2026-05-02T00:00:00.000,28,Pla de l'Estany,170157,Banyoles,0,0.04,0,0.04,9r29-e8ha
2026-05-02T00:00:00.000,28,Pla de l'Estany,170157,Banyoles,0,0.0004,0,0.0004,9r29-e8ha
2026-05-04T00:00:00.000,40,Vallès Occidental,83008,Viladecavalls,0.002,0,0,0.002,9r29-e8ha
2026-05-12T00:00:00.000,21,Maresme,80095,Argentona,0.001,0,0,0.001,9r29-e8ha
2026-05-12T00:00:00.000,41,Vallès Oriental,81363,Montornès del Vallès,0.0001,0.0014,0,0.0015,9r29-e8ha
2026-05-12T00:00:00.000,10,Baix Empordà,171997,Torroella de Montgrí,0,0.022,0,0.022,9r29-e8ha
2026-05-13T00:00:00.000,9,Baix Ebre,431554,Tortosa,0.06,0.07,0,0.13,9r29-e8ha
2026-05-13T00:00:00.000,30,Ribera d'Ebre,431251,Riba-roja d'Ebre,1.34,1.41,0.57,2.75,9r29-e8ha
2026-05-14T00:00:00.000,33,Segrià,251207,Lleida,0,0.16,0,0.16,9r29-e8ha
2026-05-14T00:00:00.000,33,Segrià,252287,Torrefarrera,0,0.12,0.1,0.12,9r29-e8ha
2026-05-16T00:00:00.000,27,Pla d'Urgell,250523,Bellvís,0,0.2084,0,0.2084,9r29-e8ha
2026-05-17T00:00:00.000,36,Tarragonès,431482,Tarragona,0,0.021,0,0.021,9r29-e8ha
2026-05-17T00:00:00.000,33,Segrià,250215,Almenar,0,0.016,0,0.016,9r29-e8ha
2026-05-21T00:00:00.000,30,Ribera d'Ebre,431779,Vinebre,1.96,3.14,3.28,5.1,9r29-e8ha
2026-05-22T00:00:00.000,7,Bages,80023,Aguilar de Segarra,0,0.65,0,0.65,9r29-e8ha
2026-05-22T00:00:00.000,23,Noguera,250349,Artesa de Segre,0,0.025,1.475,0.025,9r29-e8ha
2026-05-23T00:00:00.000,13,Barcelonès,82457,Santa Coloma de Gramenet,0,0.001,0,0.001,9r29-e8ha
2026-05-23T00:00:00.000,36,Tarragonès,431482,Tarragona,0.05,0,0,0.05,9r29-e8ha
2026-05-24T00:00:00.000,40,Vallès Occidental,81878,Sabadell,0,0.002,0,0.002,9r29-e8ha
2026-05-24T00:00:00.000,18,Garrigues,250061,"Albagés, l'",0,0.02,0.45,0.02,9r29-e8ha
2026-05-25T00:00:00.000,33,Segrià,251207,Lleida,4.2,0,0,4.2,9r29-e8ha
2026-05-25T00:00:00.000,41,Vallès Oriental,89024,Vilanova del Vallès,0.015,0,0,0.015,9r29-e8ha
2026-05-25T00:00:00.000,21,Maresme,81213,Mataró,0,0.045,0,0.045,9r29-e8ha
2026-05-26T00:00:00.000,21,Maresme,80752,Dosrius,0,0.0015,0,0.0015,9r29-e8ha
2026-05-26T00:00:00.000,33,Segrià,251749,"Portella, la",0,0.39,0,0.39,9r29-e8ha
2026-05-26T00:00:00.000,37,Terra Alta,430483,Corbera d'Ebre,0,0.1,0.34,0.1,9r29-e8ha
2026-05-26T00:00:00.000,18,Garrigues,250061,"Albagés, l'",0,0.1,0.43,0.1,9r29-e8ha
2026-05-26T00:00:00.000,37,Terra Alta,430228,Batea,0.88,0,0.06,0.88,9r29-e8ha
2026-05-26T00:00:00.000,9,Baix Ebre,431554,Tortosa,0.03,0,0.02,0.03,9r29-e8ha
2026-05-27T00:00:00.000,11,Baix Llobregat,83015,Viladecans,0.08,0.02,0,0.1,9r29-e8ha
2026-05-27T00:00:00.000,37,Terra Alta,430326,Bot,0.15,0.11,0.13,0.26,9r29-e8ha
2026-05-27T00:00:00.000,8,Baix Camp,431166,Prades,0,0.015,0,0.015,9r29-e8ha
2026-05-28T00:00:00.000,36,Tarragonès,431114,"Pobla de Montornès, la",0,0.18,0,0.18,9r29-e8ha
2026-05-28T00:00:00.000,21,Maresme,81537,Òrrius,0.84,0.1,0.46,0.94,9r29-e8ha
2026-05-28T00:00:00.000,35,Solsonès,251240,Lladurs,0.0071,0,0.061,0.0071,9r29-e8ha
2026-05-28T00:00:00.000,33,Segrià,251207,Lleida,0,0.058,0,0.058,9r29-e8ha
2026-05-28T00:00:00.000,37,Terra Alta,430326,Bot,0,0.35,0.09,0.35,9r29-e8ha
2026-05-28T00:00:00.000,3,Alt Penedès,80137,Avinyonet del Penedès,0,0.0356,0,0.0356,9r29-e8ha
2026-05-28T00:00:00.000,11,Baix Llobregat,82042,Sant Climent de Llobregat,0,0.006,0,0.006,9r29-e8ha
2026-05-29T00:00:00.000,12,Baix Penedès,430516,Cunit,0,0.0015,0,0.0015,9r29-e8ha
2026-05-29T00:00:00.000,6,Anoia,80364,Calonge de Segarra,0,0.0936,0,0.0936,9r29-e8ha
2026-05-29T00:00:00.000,33,Segrià,252542,Vilanova de la Barca,0.5,0.52,0.01,1.02,9r29-e8ha
2026-05-29T00:00:00.000,38,Urgell,250501,Bellpuig,0,0.12,0.38,0.12,9r29-e8ha
2026-05-30T00:00:00.000,40,Vallès Occidental,82233,Sant Llorenç Savall,0,0.0083,0,0.0083,9r29-e8ha
2026-05-30T00:00:00.000,20,Gironès,170675,Flaçà,0.008,0,0,0.008,9r29-e8ha
2026-05-30T00:00:00.000,20,Gironès,170675,Flaçà,0.005,0,0,0.005,9r29-e8ha
2026-05-30T00:00:00.000,16,Conca de Barberà,430213,Barberà de la Conca,0.19,0.44,0,0.63,9r29-e8ha
2026-05-30T00:00:00.000,40,Vallès Occidental,81878,Sabadell,0,0.09,0,0.09,9r29-e8ha
2026-05-30T00:00:00.000,33,Segrià,252115,Sudanell,0,0.02,0,0.02,9r29-e8ha
2026-05-31T00:00:00.000,20,Gironès,171693,Sant Julià de Ramis,0,0.85,1.67,0.85,9r29-e8ha
2026-05-31T00:00:00.000,4,Alt Urgell,251497,Oliana,0.0004,0,0,0.0004,9r29-e8ha
2026-06-01T00:00:00.000,3,Alt Penedès,81458,Olèrdola,0,0.001,0,0.001,9r29-e8ha
2026-06-01T00:00:00.000,33,Segrià,251207,Lleida,0,0.291,0,0.291,9r29-e8ha
2026-06-01T00:00:00.000,20,Gironès,171637,Sant Gregori,0.26,0.04,0,0.3,9r29-e8ha
2026-06-02T00:00:00.000,10,Baix Empordà,170221,"Bisbal d'Empordà, la",0.008,0,0,0.008,9r29-e8ha
2026-06-03T00:00:00.000,32,Segarra,259059,Ribera d'Ondara,0,0.02,0,0.02,9r29-e8ha
2026-06-03T00:00:00.000,40,Vallès Occidental,80517,Castellar del Vallès,0,0.0003,0,0.0003,9r29-e8ha
2026-06-03T00:00:00.000,41,Vallès Oriental,81810,"Roca del Vallès, la",0,0.02,0,0.02,9r29-e8ha
2026-06-03T00:00:00.000,26,Pallars Sobirà,251832,Rialp,0,0.006,0,0.006,9r29-e8ha
2026-06-03T00:00:00.000,11,Baix Llobregat,80734,Cornellà de Llobregat,0,0.4,0,0.4,9r29-e8ha
2026-06-03T00:00:00.000,24,Osona,80174,Balenyà,0.34,0,0,0.34,9r29-e8ha
2026-06-03T00:00:00.000,24,Osona,80673,Centelles,0,0.002,0,0.002,9r29-e8ha
2026-06-04T00:00:00.000,30,Ribera d'Ebre,431508,Tivissa,0.02,0.01,0,0.03,9r29-e8ha
2026-06-06T00:00:00.000,23,Noguera,251121,Ivars de Noguera,0,0.37,0.02,0.37,9r29-e8ha
2026-06-06T00:00:00.000,32,Segarra,259078,Torrefeta i Florejacs,0,0.002,0,0.002,9r29-e8ha
2026-06-06T00:00:00.000,32,Segarra,251919,Sanaüja,0.001,0.002,0,0.003,9r29-e8ha
2026-06-07T00:00:00.000,40,Vallès Occidental,81878,Sabadell,0,0.0004,0,0.0004,9r29-e8ha
2026-06-07T00:00:00.000,14,Berguedà,80924,Gironella,0,0.03,0,0.03,9r29-e8ha
2026-06-07T00:00:00.000,3,Alt Penedès,82362,Sant Quintí de Mediona,0,0.01,0,0.01,9r29-e8ha
2026-06-08T00:00:00.000,40,Vallès Occidental,81878,Sabadell,0,0.038,0,0.038,9r29-e8ha
2026-06-08T00:00:00.000,6,Anoia,82508,Santa Margarida de Montbui,0.06,0.28,1.02,0.34,9r29-e8ha
2026-06-08T00:00:00.000,29,Priorat,430555,Falset,0,0.39,0.9,0.39,9r29-e8ha
2026-06-08T00:00:00.000,6,Anoia,81192,Masquefa,0.04,0,0,0.04,9r29-e8ha
2026-06-09T00:00:00.000,41,Vallès Oriental,81347,Figaró-Montmany,0,0,0,0,9r29-e8ha
2026-06-10T00:00:00.000,11,Baix Llobregat,81691,"Prat de Llobregat, el",0,0,0,0,9r29-e8ha
2026-06-10T00:00:00.000,25,Pallars Jussà,252347,Tremp,0,0.13,0,0.13,9r29-e8ha
2026-06-11T00:00:00.000,12,Baix Penedès,431634,"Vendrell, el",0,0.17,0.17,0.17,9r29-e8ha
2026-06-11T00:00:00.000,37,Terra Alta,430228,Batea,0.02,0,0.07,0.02,9r29-e8ha
2026-06-12T00:00:00.000,8,Baix Camp,430311,"Borges del Camp, les",0,0.01,0,0.01,9r29-e8ha
2026-06-12T00:00:00.000,7,Bages,80109,Artés,0,0.03,0,0.03,9r29-e8ha
2026-06-13T00:00:00.000,40,Vallès Occidental,81878,Sabadell,0,0.06,0,0.06,9r29-e8ha
2026-06-13T00:00:00.000,11,Baix Llobregat,80569,Castelldefels,0,0.02,0,0.02,9r29-e8ha
2026-06-13T00:00:00.000,32,Segarra,251919,Sanaüja,13.11,17.65,26.49,30.76,9r29-e8ha
2026-06-13T00:00:00.000,24,Osona,82981,Vic,0,0.01,0,0.01,9r29-e8ha
2026-06-14T00:00:00.000,18,Garrigues,250735,Cervià de les Garrigues,10.66,12.39,34.79,23.05,9r29-e8ha
2026-06-14T00:00:00.000,3,Alt Penedès,81458,Olèrdola,0.65,0.35,0,1,9r29-e8ha
2026-06-14T00:00:00.000,40,Vallès Occidental,81878,Sabadell,0,0.18,0,0.18,9r29-e8ha
2026-06-14T00:00:00.000,13,Barcelonès,80155,Badalona,0.01,0,0,0.01,9r29-e8ha
2026-06-14T00:00:00.000,21,Maresme,81213,Mataró,0.2,0,0.59,0.2,9r29-e8ha
2026-06-14T00:00:00.000,23,Noguera,251728,Ponts,4.45,2.4,0,6.85,9r29-e8ha
2026-06-15T00:00:00.000,11,Baix Llobregat,82896,Torrelles de Llobregat,0,0.01,0,0.01,9r29-e8ha
2026-06-15T00:00:00.000,8,Baix Camp,431457,"Selva del Camp, la",0,0.02,0.05,0.02,9r29-e8ha
2026-06-15T00:00:00.000,25,Pallars Jussà,252022,Senterada,0.01,0,0,0.01,9r29-e8ha
2026-06-16T00:00:00.000,7,Bages,82135,Sant Fruitós de Bages,0.01,0,9.5,0.01,9r29-e8ha
2026-06-16T00:00:00.000,16,Conca de Barberà,431423,Sarral,0,0.02,0,0.02,9r29-e8ha
2026-06-17T00:00:00.000,21,Maresme,82824,Tiana,0,0.02,0,0.02,9r29-e8ha
2026-06-17T00:00:00.000,32,Segarra,259078,Torrefeta i Florejacs,0.24,0.15,5.56,0.39,9r29-e8ha
2026-06-17T00:00:00.000,27,Pla d'Urgell,252056,Sidamon,0,0.3,1,0.3,9r29-e8ha
2026-06-17T00:00:00.000,32,Segarra,252167,Talavera,3.88,5.74,92.88,9.62,9r29-e8ha
2026-06-17T00:00:00.000,41,Vallès Oriental,80333,Caldes de Montbui,0,0,0.1,0,9r29-e8ha
2026-06-18T00:00:00.000,33,Segrià,250138,Alfarràs,0.45,0.6,3.29,1.05,9r29-e8ha
2026-06-18T00:00:00.000,18,Garrigues,250292,Arbeca,0,0.22,12.74,0.22,9r29-e8ha
2026-06-18T00:00:00.000,18,Garrigues,250292,Arbeca,0,0.4,12.56,0.4,9r29-e8ha
2026-06-18T00:00:00.000,18,Garrigues,250096,"Albi, l'",0.18,0.32,14.9,0.5,9r29-e8ha
2026-06-18T00:00:00.000,38,Urgell,250030,Agramunt,0.2,0.24,3.92,0.44,9r29-e8ha
2026-06-19T00:00:00.000,10,Baix Empordà,170221,"Bisbal d'Empordà, la",0,0.01,0,0.01,9r29-e8ha
2026-06-19T00:00:00.000,10,Baix Empordà,170577,Corçà,0.43,0.05,5.34,0.48,9r29-e8ha
2026-06-19T00:00:00.000,10,Baix Empordà,179026,Forallac,0.65,0.1,10.6,0.75,9r29-e8ha
2026-06-20T00:00:00.000,41,Vallès Oriental,81363,Montornès del Vallès,0.17,0.02,1.74,0.19,9r29-e8ha
2026-06-20T00:00:00.000,1,Alt Camp,431205,Querol,0.55,0.16,3.52,0.71,9r29-e8ha
2026-06-20T00:00:00.000,41,Vallès Oriental,80961,Granollers,0,0.06,0,0.06,9r29-e8ha
2026-06-20T00:00:00.000,18,Garrigues,252189,Tarrés,0,0.01,0,0.01,9r29-e8ha
2026-06-20T00:00:00.000,28,Pla de l'Estany,172180,Vilademuls,0,0,0,0,9r29-e8ha
2026-06-20T00:00:00.000,21,Maresme,80095,Argentona,0.07,0,0,0.07,9r29-e8ha
2026-06-20T00:00:00.000,11,Baix Llobregat,81234,Molins de Rei,0,0.03,0,0.03,9r29-e8ha
2026-06-21T00:00:00.000,41,Vallès Oriental,81593,Parets del Vallès,0,0.1,0,0.1,9r29-e8ha
2026-06-21T00:00:00.000,2,Alt Empordà,171432,Rabós,0.76,0,0,0.76,9r29-e8ha
2026-06-21T00:00:00.000,34,Selva,171931,Sils,0.02,0.02,0,0.04,9r29-e8ha
2026-06-21T00:00:00.000,41,Vallès Oriental,80863,"Franqueses del Vallès, les",0,0.02,0,0.02,9r29-e8ha
2026-06-22T00:00:00.000,25,Pallars Jussà,252154,Talarn,0.01,0,0,0.01,9r29-e8ha
2026-06-22T00:00:00.000,40,Vallès Occidental,81878,Sabadell,0.07,0,0,0.07,9r29-e8ha
2026-06-22T00:00:00.000,25,Pallars Jussà,250019,Abella de la Conca,0.02,0,0,0.02,9r29-e8ha
2026-06-22T00:00:00.000,31,Ripollès,170806,Gombrèn,0.03,0,0,0.03,9r29-e8ha
2026-06-22T00:00:00.000,11,Baix Llobregat,81960,Sant Andreu de la Barca,0.01,0.03,0,0.04,9r29-e8ha
2026-06-22T00:00:00.000,25,Pallars Jussà,252154,Talarn,0.99,0.05,0,1.04,9r29-e8ha
2026-06-22T00:00:00.000,26,Pallars Sobirà,250241,Alt Àneu,0,0.09,0,0.09,9r29-e8ha
2026-06-22T00:00:00.000,20,Gironès,170792,Girona,0.08,0,0,0.08,9r29-e8ha
2026-06-22T00:00:00.000,34,Selva,170335,Caldes de Malavella,0,0.01,0,0.01,9r29-e8ha
2026-06-22T00:00:00.000,24,Osona,82205,Sant Julià de Vilatorta,0,0.01,0,0.01,9r29-e8ha
2026-06-22T00:00:00.000,25,Pallars Jussà,252347,Tremp,0.06,0.8,0,0.86,9r29-e8ha
2026-06-23T00:00:00.000,23,Noguera,252402,Vallfogona de Balaguer,0.03,0,0,0.03,9r29-e8ha
2026-06-23T00:00:00.000,40,Vallès Occidental,81878,Sabadell,0.05,0,0,0.05,9r29-e8ha
2026-06-23T00:00:00.000,40,Vallès Occidental,81878,Sabadell,0.05,0,0,0.05,9r29-e8ha
2026-06-23T00:00:00.000,11,Baix Llobregat,82212,Sant Just Desvern,0,0,0,0,9r29-e8ha
2026-06-23T00:00:00.000,25,Pallars Jussà,252347,Tremp,2.75,2.45,0,5.2,9r29-e8ha
2026-06-23T00:00:00.000,40,Vallès Occidental,81878,Sabadell,0,0,0,0,9r29-e8ha
2026-06-23T00:00:00.000,33,Segrià,250334,Artesa de Lleida,0,1.82,6.19,1.82,9r29-e8ha
2026-06-23T00:00:00.000,41,Vallès Oriental,81350,Montmeló,0,0.06,0,0.06,9r29-e8ha
2026-06-23T00:00:00.000,11,Baix Llobregat,81960,Sant Andreu de la Barca,0,2.88,0.14,2.88,9r29-e8ha
2026-06-23T00:00:00.000,10,Baix Empordà,171997,Torroella de Montgrí,0,0,0,0,9r29-e8ha
2026-06-24T00:00:00.000,26,Pallars Sobirà,250241,Alt Àneu,0,0.37,0,0.37,9r29-e8ha
2026-06-24T00:00:00.000,20,Gironès,170792,Girona,0,0.4,0.09,0.4,9r29-e8ha
2026-06-24T00:00:00.000,18,Garrigues,250582,"Borges Blanques, les",0,0.07,0.08,0.07,9r29-e8ha
2026-06-24T00:00:00.000,7,Bages,81136,Manresa,0,0.03,0,0.03,9r29-e8ha
2026-06-24T00:00:00.000,42,Moianès,82397,Sant Quirze Safaja,7.13,5.55,0.52,12.68,9r29-e8ha
2026-06-24T00:00:00.000,35,Solsonès,251484,Odèn,0.35,0.05,0,0.4,9r29-e8ha
2026-06-24T00:00:00.000,40,Vallès Occidental,82798,Terrassa,0,0.36,0.15,0.36,9r29-e8ha
2026-06-24T00:00:00.000,10,Baix Empordà,171175,Palafrugell,0,0,0,0,9r29-e8ha
2026-06-24T00:00:00.000,23,Noguera,251348,Menàrguens,0,0.77,2.47,0.77,9r29-e8ha
2026-06-24T00:00:00.000,22,Montsià,430445,"Sénia, la",0.03,2.96,0,2.99,9r29-e8ha
2026-06-24T00:00:00.000,40,Vallès Occidental,81878,Sabadell,0,0,0,0,9r29-e8ha
2026-06-24T00:00:00.000,40,Vallès Occidental,81878,Sabadell,0.1,0,0,0.1,9r29-e8ha
2026-06-24T00:00:00.000,25,Pallars Jussà,250019,Abella de la Conca,0.1,0.61,0,0.71,9r29-e8ha
2026-06-25T00:00:00.000,12,Baix Penedès,431634,"Vendrell, el",0.09,0,0.45,0.09,9r29-e8ha
2026-06-25T00:00:00.000,14,Berguedà,81884,Sagàs,0,0.05,0,0.05,9r29-e8ha
2026-06-25T00:00:00.000,41,Vallès Oriental,80410,Canovelles,0,0.01,0,0.01,9r29-e8ha
2026-06-25T00:00:00.000,17,Garraf,82310,Sant Pere de Ribes,0,0.15,0,0.15,9r29-e8ha
2026-06-25T00:00:00.000,13,Barcelonès,82457,Santa Coloma de Gramenet,0,0.12,0,0.12,9r29-e8ha
2026-06-25T00:00:00.000,40,Vallès Occidental,81846,Rubí,0.05,0.2,0,0.25,9r29-e8ha
2026-06-25T00:00:00.000,6,Anoia,81629,"Hostalets de Pierola, els",0,0,0.01,0,9r29-e8ha
2026-06-25T00:00:00.000,12,Baix Penedès,430901,"Montmell, el",0.54,0,0,0.54,9r29-e8ha
2026-06-26T00:00:00.000,38,Urgell,252173,Tàrrega,0,0.51,38.17,0.51,9r29-e8ha
2026-06-26T00:00:00.000,36,Tarragonès,431444,"Secuita, la",0,0,0,0,9r29-e8ha
2026-06-26T00:00:00.000,20,Gironès,170792,Girona,0,0.03,0,0.03,9r29-e8ha
2026-06-26T00:00:00.000,33,Segrià,251207,Lleida,0,0.01,0,0.01,9r29-e8ha
2026-06-26T00:00:00.000,21,Maresme,82824,Tiana,8.26,41.7,3.05,49.96,9r29-e8ha
2026-06-26T00:00:00.000,3,Alt Penedès,81458,Olèrdola,0,0.02,0,0.02,9r29-e8ha
2026-06-26T00:00:00.000,35,Solsonès,251673,Pinós,0.27,0.02,0.21,0.29,9r29-e8ha
2026-06-26T00:00:00.000,10,Baix Empordà,171175,Palafrugell,0,0.01,0,0.01,9r29-e8ha
2026-06-27T00:00:00.000,40,Vallès Occidental,81878,Sabadell,0.08,0.03,0,0.11,9r29-e8ha
2026-06-27T00:00:00.000,38,Urgell,252173,Tàrrega,0,0.46,7.01,0.46,9r29-e8ha
2026-06-27T00:00:00.000,25,Pallars Jussà,252347,Tremp,0.52,0.1,0,0.62,9r29-e8ha
2026-06-27T00:00:00.000,6,Anoia,80312,Calaf,0.21,0,0,0.21,9r29-e8ha
2026-06-27T00:00:00.000,34,Selva,170280,Brunyola i Sant Martí Sapresa,0.3,0,0,0.3,9r29-e8ha
2026-06-27T00:00:00.000,24,Osona,82858,Torelló,0,0.03,0,0.03,9r29-e8ha
2026-06-28T00:00:00.000,33,Segrià,250143,Alfés,0,22.68,0,22.68,9r29-e8ha
2026-06-28T00:00:00.000,6,Anoia,81705,"Prats de Rei, els",0,0,0,0,9r29-e8ha
2026-06-28T00:00:00.000,28,Pla de l'Estany,172180,Vilademuls,0.06,0,0,0.06,9r29-e8ha
2026-06-28T00:00:00.000,31,Ripollès,171925,Setcases,0,0.01,0,0.01,9r29-e8ha
2026-06-29T00:00:00.000,23,Noguera,250083,Albesa,0.1,0.36,0,0.46,9r29-e8ha
2026-06-29T00:00:00.000,6,Anoia,81521,Orpí,0,0.02,1.11,0.02,9r29-e8ha
2026-06-29T00:00:00.000,21,Maresme,80095,Argentona,0.35,0,0.1,0.35,9r29-e8ha
2026-06-29T00:00:00.000,40,Vallès Occidental,81878,Sabadell,0,0,0,0,9r29-e8ha
2026-06-29T00:00:00.000,18,Garrigues,250292,Arbeca,0,0.11,0.12,0.11,9r29-e8ha
2026-06-29T00:00:00.000,11,Baix Llobregat,82042,Sant Climent de Llobregat,0.02,0.02,0,0.04,9r29-e8ha
2026-06-29T00:00:00.000,18,Garrigues,250582,"Borges Blanques, les",0.01,0,0,0.01,9r29-e8ha
2026-06-30T00:00:00.000,36,Tarragonès,431310,Roda de Berà,0,0.03,0,0.03,9r29-e8ha
2026-06-30T00:00:00.000,24,Osona,82205,Sant Julià de Vilatorta,0,0.03,0,0.03,9r29-e8ha
2026-06-30T00:00:00.000,40,Vallès Occidental,82520,Barberà del Vallès,0,0.02,0,0.02,9r29-e8ha
2026-06-30T00:00:00.000,41,Vallès Oriental,80863,"Franqueses del Vallès, les",0,0.01,0,0.01,9r29-e8ha
2026-06-30T00:00:00.000,14,Berguedà,80930,Gisclareny,0,0.04,0,0.04,9r29-e8ha
2026-07-01T00:00:00.000,38,Urgell,250030,Agramunt,0.29,1.61,6.6,1.9,9r29-e8ha
2026-07-02T00:00:00.000,6,Anoia,81614,Piera,0,0,0,0,9r29-e8ha
2026-07-02T00:00:00.000,35,Solsonès,251667,Pinell de Solsonès,0.83,0.33,1.48,1.16,9r29-e8ha
2026-07-02T00:00:00.000,25,Pallars Jussà,251902,Salàs de Pallars,0.08,0.17,2.96,0.25,9r29-e8ha
2026-07-02T00:00:00.000,2,Alt Empordà,171292,Pedret i Marzà,1.9,0,5.5,1.9,9r29-e8ha
2026-07-02T00:00:00.000,10,Baix Empordà,171181,Palamós,0.01,0,0,0.01,9r29-e8ha
2026-07-02T00:00:00.000,2,Alt Empordà,171292,Pedret i Marzà,0.77,0,0,0.77,9r29-e8ha
2026-07-02T00:00:00.000,40,Vallès Occidental,82520,Barberà del Vallès,0,0.05,0,0.05,9r29-e8ha
2026-07-02T00:00:00.000,6,Anoia,81614,Piera,0,0,0,0,9r29-e8ha
2026-07-03T00:00:00.000,7,Bages,80615,Castellgalí,0.04,0,0,0.04,9r29-e8ha
2026-07-03T00:00:00.000,7,Bages,82628,Sant Vicenç de Castellet,0.9,0.3,1.75,1.2,9r29-e8ha
2026-07-03T00:00:00.000,10,Baix Empordà,170340,Calonge i Sant Antoni,57.11,3.5,2.82,60.61,9r29-e8ha
2026-07-03T00:00:00.000,28,Pla de l'Estany,170715,Fontcoberta,10.2,3.62,23.64,13.82,9r29-e8ha
2026-07-03T00:00:00.000,11,Baix Llobregat,80689,Cervelló,0,0.07,0,0.07,9r29-e8ha
2026-07-03T00:00:00.000,10,Baix Empordà,170221,"Bisbal d'Empordà, la",1847.99,73.83,61.76,1921.82,9r29-e8ha
2026-07-03T00:00:00.000,36,Tarragonès,431482,Tarragona,0,0.57,0.93,0.57,9r29-e8ha
2026-07-03T00:00:00.000,2,Alt Empordà,170669,Figueres,0,0.4,0,0.4,9r29-e8ha
2026-07-04T00:00:00.000,26,Pallars Sobirà,250241,Alt Àneu,0,0.27,0,0.27,9r29-e8ha
2026-07-04T00:00:00.000,7,Bages,82628,Sant Vicenç de Castellet,0.01,0,0,0.01,9r29-e8ha
2026-07-04T00:00:00.000,41,Vallès Oriental,82592,Santa Maria de Palautordera,0,0,0,0,9r29-e8ha
2026-07-04T00:00:00.000,40,Vallès Occidental,81878,Sabadell,0,0.05,0,0.05,9r29-e8ha
2026-07-05T00:00:00.000,5,Alta Ribagorça,250432,"Vall de Boí, la",0.7,0,0,0.7,9r29-e8ha
2026-07-05T00:00:00.000,25,Pallars Jussà,251902,Salàs de Pallars,0.18,0,0,0.18,9r29-e8ha
2026-07-05T00:00:00.000,6,Anoia,81614,Piera,2.6,0.6,4.89,3.2,9r29-e8ha
2026-07-05T00:00:00.000,24,Osona,81173,"Masies de Voltregà, les",0,0.68,0,0.68,9r29-e8ha
2026-07-05T00:00:00.000,6,Anoia,80446,Capellades,0.31,3.43,0.16,3.74,9r29-e8ha
2026-07-05T00:00:00.000,11,Baix Llobregat,81960,Sant Andreu de la Barca,3.42,0.92,0.01,4.34,9r29-e8ha
2026-07-05T00:00:00.000,21,Maresme,80095,Argentona,0.14,0,0,0.14,9r29-e8ha
2026-07-05T00:00:00.000,41,Vallès Oriental,81075,Lliçà d'Amunt,0,0.03,0,0.03,9r29-e8ha
2026-07-05T00:00:00.000,10,Baix Empordà,170681,Foixà,0.06,0,0,0.06,9r29-e8ha
2026-07-05T00:00:00.000,40,Vallès Occidental,82665,Cerdanyola del Vallès,0,0.07,0,0.07,9r29-e8ha
2026-07-06T00:00:00.000,6,Anoia,80484,Carme,210.55,132.39,111.82,342.94,9r29-e8ha
2026-07-06T00:00:00.000,36,Tarragonès,431114,"Pobla de Montornès, la",0,0.04,0,0.04,9r29-e8ha
2026-07-06T00:00:00.000,28,Pla de l'Estany,172180,Vilademuls,0,0.67,0.45,0.67,9r29-e8ha
2026-07-06T00:00:00.000,15,Cerdanya,250518,Bellver de Cerdanya,0,0.01,0,0.01,9r29-e8ha
2026-07-06T00:00:00.000,23,Noguera,250349,Artesa de Segre,18.38,4.3,7.16,22.68,9r29-e8ha
2026-07-06T00:00:00.000,3,Alt Penedès,81458,Olèrdola,0.02,0,0,0.02,9r29-e8ha
2026-07-06T00:00:00.000,40,Vallès Occidental,82671,Sentmenat,169.3,12.17,2.06,181.47,9r29-e8ha
2026-07-07T00:00:00.000,4,Alt Urgell,250447,Bassella,0.12,0,0,0.12,9r29-e8ha
2026-07-07T00:00:00.000,24,Osona,82858,Torelló,0.2,3.2,0,3.4,9r29-e8ha
2026-07-07T00:00:00.000,40,Vallès Occidental,81846,Rubí,0,0.14,0,0.14,9r29-e8ha
2026-07-07T00:00:00.000,16,Conca de Barberà,431439,Savallà del Comtat,0.75,0.39,7.74,1.14,9r29-e8ha
2026-07-07T00:00:00.000,11,Baix Llobregat,82080,Sant Esteve Sesrovires,0.19,0.55,2.29,0.74,9r29-e8ha
2026-07-07T00:00:00.000,24,Osona,82858,Torelló,0.08,0.47,0,0.55,9r29-e8ha
2026-07-07T00:00:00.000,4,Alt Urgell,250447,Bassella,0,0,0,0,9r29-e8ha
2026-07-07T00:00:00.000,6,Anoia,80446,Capellades,0,0,0,0,9r29-e8ha
2026-07-07T00:00:00.000,32,Segarra,259078,Torrefeta i Florejacs,9.91,21.44,90.46,31.35,9r29-e8ha
2026-07-07T00:00:00.000,35,Solsonès,251240,Lladurs,0,0,0,0,9r29-e8ha
2026-07-07T00:00:00.000,20,Gironès,170736,Fornells de la Selva,0,0.03,0,0.03,9r29-e8ha
2026-07-07T00:00:00.000,35,Solsonès,251240,Lladurs,0.11,0,0,0.11,9r29-e8ha
2026-07-07T00:00:00.000,35,Solsonès,251240,Lladurs,0,0.01,0,0.01,9r29-e8ha
2026-07-07T00:00:00.000,18,Garrigues,251193,Juneda,0.03,0.86,4.76,0.89,9r29-e8ha
2026-07-08T00:00:00.000,7,Bages,81402,Navarcles,6.35,17.9,30.5,24.25,9r29-e8ha
2026-07-08T00:00:00.000,23,Noguera,250349,Artesa de Segre,0.2,0,1.1,0.2,9r29-e8ha
2026-07-08T00:00:00.000,38,Urgell,251095,Guimerà,43.64,47.03,323,90.67,9r29-e8ha
2026-07-08T00:00:00.000,18,Garrigues,250582,"Borges Blanques, les",0,0.21,1.66,0.21,9r29-e8ha
2026-07-08T00:00:00.000,11,Baix Llobregat,80898,Gavà,6.9,2.55,0.39,9.45,9r29-e8ha
2026-07-08T00:00:00.000,10,Baix Empordà,170221,"Bisbal d'Empordà, la",0,0,0,0,9r29-e8ha
2026-07-08T00:00:00.000,1,Alt Camp,430017,Aiguamúrcia,55.63,18.91,15.12,74.54,9r29-e8ha
2026-07-08T00:00:00.000,35,Solsonès,251240,Lladurs,0.01,0,0,0.01,9r29-e8ha
2026-07-08T00:00:00.000,15,Cerdanya,170617,Das,0,0,0,0,9r29-e8ha
2026-07-08T00:00:00.000,26,Pallars Sobirà,250864,Esterri d'Àneu,0,0,0,0,9r29-e8ha
2026-07-08T00:00:00.000,11,Baix Llobregat,82080,Sant Esteve Sesrovires,0.04,0,1.6,0.04,9r29-e8ha
2026-07-08T00:00:00.000,39,Val d'Aran,252430,Vielha e Mijaran,0,5,0,5,9r29-e8ha
2026-07-09T00:00:00.000,13,Barcelonès,80193,Barcelona,0.01,0,0,0.01,9r29-e8ha
2026-07-09T00:00:00.000,6,Anoia,81332,Montmaneu,0.15,0.07,1.82,0.22,9r29-e8ha
2026-07-09T00:00:00.000,20,Gironès,170736,Fornells de la Selva,0,0.01,0,0.01,9r29-e8ha
2026-07-09T00:00:00.000,40,Vallès Occidental,81846,Rubí,0,0,0,0,9r29-e8ha
2026-07-09T00:00:00.000,11,Baix Llobregat,81477,Olesa de Montserrat,0,0.01,0,0.01,9r29-e8ha
2026-07-09T00:00:00.000,33,Segrià,251207,Lleida,0,0.06,0.09,0.06,9r29-e8ha
2026-07-09T00:00:00.000,21,Maresme,82359,Sant Pol de Mar,0,0,0,0,9r29-e8ha
2026-07-09T00:00:00.000,40,Vallès Occidental,82665,Cerdanyola del Vallès,0.02,0.25,0,0.27,9r29-e8ha
2026-07-09T00:00:00.000,41,Vallès Oriental,80885,"Garriga, la",0,0.52,0,0.52,9r29-e8ha
2026-07-09T00:00:00.000,2,Alt Empordà,170329,Cadaqués,0,0.03,0,0.03,9r29-e8ha
2026-07-09T00:00:00.000,25,Pallars Jussà,251902,Salàs de Pallars,0.7,1.3,0,2,9r29-e8ha
2026-07-10T00:00:00.000,40,Vallès Occidental,82384,Sant Quirze del Vallès,0.08,0,0,0.08,9r29-e8ha
2026-07-10T00:00:00.000,34,Selva,172137,Vidreres,0.01,0.01,0,0.02,9r29-e8ha
2026-07-10T00:00:00.000,40,Vallès Occidental,82520,Barberà del Vallès,0,0.02,0,0.02,9r29-e8ha
2026-07-10T00:00:00.000,17,Garraf,80749,Cubelles,0,0,0,0,9r29-e8ha
2026-07-10T00:00:00.000,10,Baix Empordà,171181,Palamós,0,0.01,0,0.01,9r29-e8ha
2026-07-10T00:00:00.000,26,Pallars Sobirà,250870,Esterri de Cardós,0,0,0,0,9r29-e8ha
2026-07-10T00:00:00.000,39,Val d'Aran,250254,Naut Aran,0,0.01,0,0.01,9r29-e8ha
2026-07-11T00:00:00.000,23,Noguera,250621,Camarasa,15.85,2.48,3.54,18.33,9r29-e8ha
2026-07-11T00:00:00.000,1,Alt Camp,430017,Aiguamúrcia,0,0,0,0,9r29-e8ha
2026-07-11T00:00:00.000,1,Alt Camp,430017,Aiguamúrcia,0.15,0,0,0.15,9r29-e8ha
2026-07-11T00:00:00.000,39,Val d'Aran,252430,Vielha e Mijaran,0,0.69,0,0.69,9r29-e8ha
2026-07-12T00:00:00.000,1,Alt Camp,430017,Aiguamúrcia,143.73,6.57,0.03,150.3,9r29-e8ha
2026-07-12T00:00:00.000,41,Vallès Oriental,80863,"Franqueses del Vallès, les",0,0.02,0,0.02,9r29-e8ha
2026-07-13T00:00:00.000,14,Berguedà,251001,Gósol,0.06,0,0,0.06,9r29-e8ha
2026-07-13T00:00:00.000,41,Vallès Oriental,82021,Sant Celoni,0,0.12,0,0.12,9r29-e8ha
2026-07-13T00:00:00.000,21,Maresme,82819,Teià,0.2,0.1,0,0.3,9r29-e8ha
2026-07-13T00:00:00.000,36,Tarragonès,431482,Tarragona,0,0.6,0,0.6,9r29-e8ha
2026-07-13T00:00:00.000,6,Anoia,80082,Argençola,0.53,0,1.55,0.53,9r29-e8ha
2026-07-13T00:00:00.000,40,Vallès Occidental,81878,Sabadell,0.27,0.2,0.32,0.47,9r29-e8ha
2026-07-13T00:00:00.000,40,Vallès Occidental,82798,Terrassa,0,0.01,0,0.01,9r29-e8ha
2026-07-13T00:00:00.000,35,Solsonès,251240,Lladurs,2.06,0,0,2.06,9r29-e8ha
2026-07-14T00:00:00.000,21,Maresme,81108,Malgrat de Mar,0,0.01,0,0.01,9r29-e8ha
2026-07-14T00:00:00.000,12,Baix Penedès,430516,Cunit,0.8,0,0,0.8,9r29-e8ha
2026-07-14T00:00:00.000,7,Bages,80594,Castellfollit del Boix,22.31,25.86,6.14,48.17,9r29-e8ha
2026-07-15T00:00:00.000,1,Alt Camp,430017,Aiguamúrcia,0,0,0,0,9r29-e8ha
2026-07-15T00:00:00.000,42,Moianès,82397,Sant Quirze Safaja,42.51,55.35,4.13,97.86,9r29-e8ha
2026-07-16T00:00:00.000,35,Solsonès,251484,Odèn,0,0,0,0,9r29-e8ha
2026-07-16T00:00:00.000,26,Pallars Sobirà,250899,Farrera,0,0,0,0,9r29-e8ha
2026-07-16T00:00:00.000,23,Noguera,250371,"Avellanes i Santa Linya, les",1.2,0,0,1.2,9r29-e8ha
2026-07-16T00:00:00.000,5,Alta Ribagorça,252458,Vilaller,0.01,0,0,0.01,9r29-e8ha
2026-07-16T00:00:00.000,35,Solsonès,251462,Navès,0.01,0,0,0.01,9r29-e8ha
2026-07-16T00:00:00.000,23,Noguera,250024,Àger,0,0,0,0,9r29-e8ha
2026-07-16T00:00:00.000,1,Alt Camp,430017,Aiguamúrcia,1.31,0,0,1.31,9r29-e8ha
2026-07-16T00:00:00.000,35,Solsonès,251636,"Coma i la Pedra, la",0,0,0,0,9r29-e8ha
2026-07-17T00:00:00.000,21,Maresme,81213,Mataró,0,0.05,0,0.05,9r29-e8ha
2026-07-17T00:00:00.000,36,Tarragonès,431482,Tarragona,0,0.5,0,0.5,9r29-e8ha
2026-07-18T00:00:00.000,28,Pla de l'Estany,172180,Vilademuls,0.03,0.09,1.61,0.12,9r29-e8ha
2026-07-18T00:00:00.000,41,Vallès Oriental,81593,Parets del Vallès,0,0,0.59,0,9r29-e8ha
2026-07-18T00:00:00.000,24,Osona,81509,Orís,0.17,0,0,0.17,9r29-e8ha
2026-07-18T00:00:00.000,16,Conca de Barberà,431418,Pontils,0.87,0.4,3.97,1.27,9r29-e8ha
2026-07-18T00:00:00.000,11,Baix Llobregat,81691,"Prat de Llobregat, el",0,0.01,0,0.01,9r29-e8ha
2026-07-18T00:00:00.000,11,Baix Llobregat,81691,"Prat de Llobregat, el",0,0,0,0,9r29-e8ha
2026-07-18T00:00:00.000,11,Baix Llobregat,81691,"Prat de Llobregat, el",0,0.2,0,0.2,9r29-e8ha
2026-07-19T00:00:00.000,41,Vallès Oriental,81069,Llinars del Vallès,0,0.05,0,0.05,9r29-e8ha
2026-07-19T00:00:00.000,3,Alt Penedès,80581,Castellet i la Gornal,0.03,0,0,0.03,9r29-e8ha
2026-07-19T00:00:00.000,23,Noguera,250426,"Baronia de Rialb, la",2.57,0.21,16.96,2.78,9r29-e8ha
2026-07-19T00:00:00.000,11,Baix Llobregat,81691,"Prat de Llobregat, el",0,7.8,2.2,7.8,9r29-e8ha
2026-07-20T00:00:00.000,11,Baix Llobregat,81574,Pallejà,0,0.02,0,0.02,9r29-e8ha
2026-07-20T00:00:00.000,20,Gironès,170792,Girona,0,0.05,0,0.05,9r29-e8ha
2026-07-21T00:00:00.000,43,Lluçanès,81516,Oristà,0.78,0,0.05,0.78,9r29-e8ha
2026-07-21T00:00:00.000,34,Selva,171019,Massanes,0,0.74,0,0.74,9r29-e8ha
2026-07-21T00:00:00.000,14,Berguedà,82554,Santa Maria de Merlès,0,0.06,0,0.06,9r29-e8ha
2026-07-21T00:00:00.000,11,Baix Llobregat,80689,Cervelló,0,0.03,0,0.03,9r29-e8ha
2026-07-21T00:00:00.000,18,Garrigues,252555,Vinaixa,0.06,0,0,0.06,9r29-e8ha
2026-07-22T00:00:00.000,11,Baix Llobregat,80689,Cervelló,13.57,3.56,0.16,17.13,9r29-e8ha
2026-07-22T00:00:00.000,40,Vallès Occidental,81878,Sabadell,0.09,0,0,0.09,9r29-e8ha
2026-07-22T00:00:00.000,1,Alt Camp,430363,Cabra del Camp,0.92,0.92,0.6,1.84,9r29-e8ha
2026-07-23T00:00:00.000,33,Segrià,250169,Alguaire,0,0.08,5.93,0.08,9r29-e8ha
2026-07-23T00:00:00.000,28,Pla de l'Estany,170157,Banyoles,0,0.01,0,0.01,9r29-e8ha
2026-07-23T00:00:00.000,19,Garrotxa,172082,"Vall de Bianya, la",0,0,0,0,9r29-e8ha
2026-07-23T00:00:00.000,2,Alt Empordà,170519,Cistella,0.06,0,0,0.06,9r29-e8ha
2026-07-23T00:00:00.000,17,Garraf,80749,Cubelles,0.37,0,0,0.37,9r29-e8ha
2026-07-24T00:00:00.000,26,Pallars Sobirà,251832,Rialp,0,0,0,0,9r29-e8ha
2026-07-24T00:00:00.000,21,Maresme,80095,Argentona,0,0.05,0,0.05,9r29-e8ha
2026-07-24T00:00:00.000,26,Pallars Sobirà,250899,Farrera,20.1,21.65,0,41.75,9r29-e8ha
2026-07-25T00:00:00.000,17,Garraf,80749,Cubelles,3.04,0.01,0,3.05,9r29-e8ha
2026-07-25T00:00:00.000,28,Pla de l'Estany,170157,Banyoles,0,0.04,0,0.04,9r29-e8ha
2026-07-25T00:00:00.000,17,Garraf,80749,Cubelles,1.67,0,0,1.67,9r29-e8ha
2026-07-25T00:00:00.000,36,Tarragonès,431037,Perafort,0.5,3.5,1,4,9r29-e8ha
2026-07-25T00:00:00.000,21,Maresme,81555,Palafolls,0,1.3,0.22,1.3,9r29-e8ha
2026-07-25T00:00:00.000,31,Ripollès,171077,Molló,0,0,0,0,9r29-e8ha
2026-07-25T00:00:00.000,26,Pallars Sobirà,259010,Vall de Cardós,0,0,0,0,9r29-e8ha
2026-07-25T00:00:00.000,10,Baix Empordà,172327,Vilopriu,0,0,0,0,9r29-e8ha
2026-07-26T00:00:00.000,11,Baix Llobregat,80569,Castelldefels,0,0.02,0,0.02,9r29-e8ha
2026-07-26T00:00:00.000,38,Urgell,252173,Tàrrega,0,0.11,1.53,0.11,9r29-e8ha
2026-07-26T00:00:00.000,21,Maresme,80076,Arenys de Munt,0,0.05,0,0.05,9r29-e8ha
2026-07-26T00:00:00.000,25,Pallars Jussà,252347,Tremp,0,0.09,4.89,0.09,9r29-e8ha
2026-07-27T00:00:00.000,1,Alt Camp,430017,Aiguamúrcia,0,0.02,0,0.02,9r29-e8ha
2026-07-27T00:00:00.000,16,Conca de Barberà,431397,Santa Coloma de Queralt,3.74,1.78,8.48,5.52,9r29-e8ha
2026-07-27T00:00:00.000,43,Lluçanès,81516,Oristà,0.1,0,0,0.1,9r29-e8ha
2026-07-27T00:00:00.000,36,Tarragonès,431114,"Pobla de Montornès, la",1.95,0,2.02,1.95,9r29-e8ha
2026-07-28T00:00:00.000,18,Garrigues,250292,Arbeca,0,0.07,4.53,0.07,9r29-e8ha
2026-07-28T00:00:00.000,40,Vallès Occidental,81878,Sabadell,0,0.04,0,0.04,9r29-e8ha
2026-07-28T00:00:00.000,36,Tarragonès,431482,Tarragona,0,0.04,0,0.04,9r29-e8ha
2026-07-28T00:00:00.000,41,Vallès Oriental,80977,Gualba,0,0.06,0,0.06,9r29-e8ha
2026-07-29T00:00:00.000,31,Ripollès,172018,Toses,0,0,0,0,9r29-e8ha
2026-07-29T00:00:00.000,17,Garraf,80431,Canyelles,0.23,0,0,0.23,9r29-e8ha
2026-07-29T00:00:00.000,4,Alt Urgell,252398,"Valls de Valira, les",1.5,0,0,1.5,9r29-e8ha
2026-07-29T00:00:00.000,20,Gironès,171557,Salt,0,0.67,0,0.67,9r29-e8ha
2026-07-29T00:00:00.000,1,Alt Camp,430897,Montferri,12.07,0.49,3.36,12.56,9r29-e8ha
2026-07-30T00:00:00.000,26,Pallars Sobirà,259031,"Guingueta d'Àneu, la",0,0.01,0,0.01,9r29-e8ha
2026-07-30T00:00:00.000,21,Maresme,80095,Argentona,0,0.01,0,0.01,9r29-e8ha
2026-07-30T00:00:00.000,39,Val d'Aran,252430,Vielha e Mijaran,0,0.35,0,0.35,9r29-e8ha
2026-07-31T00:00:00.000,5,Alta Ribagorça,252458,Vilaller,60.19,35.35,0,95.54,9r29-e8ha
2026-07-31T00:00:00.000,25,Pallars Jussà,251155,Isona i Conca Dellà,0,0,0,0,9r29-e8ha
2026-07-31T00:00:00.000,25,Pallars Jussà,251288,Llimiana,0,0,0,0,9r29-e8ha
2026-07-31T00:00:00.000,14,Berguedà,81770,"Quar, la",0.98,0,0,0.98,9r29-e8ha
2026-07-31T00:00:00.000,24,Osona,82981,Vic,0,0.2,0.38,0.2,9r29-e8ha
2026-07-31T00:00:00.000,42,Moianès,82589,Santa Maria d'Oló,0.38,0,2.58,0.38,9r29-e8ha
2026-07-31T00:00:00.000,35,Solsonès,251462,Navès,0.95,0,0,0.95,9r29-e8ha
2026-08-01T00:00:00.000,16,Conca de Barberà,430862,Montblanc,0.15,0,1.41,0.15,9r29-e8ha
2026-08-01T00:00:00.000,5,Alta Ribagorça,250432,"Vall de Boí, la",0,0.01,0,0.01,9r29-e8ha
2026-08-01T00:00:00.000,39,Val d'Aran,250254,Naut Aran,0,0.82,0,0.82,9r29-e8ha
2026-08-02T00:00:00.000,2,Alt Empordà,172109,Ventalló,0,0,0,0,9r29-e8ha
2026-08-02T00:00:00.000,6,Anoia,80082,Argençola,0.32,0.2,1.27,0.52,9r29-e8ha
2026-08-02T00:00:00.000,2,Alt Empordà,170926,Llançà,0.12,0,0,0.12,9r29-e8ha
2026-08-02T00:00:00.000,1,Alt Camp,431325,Rodonyà,0.05,0,0,0.05,9r29-e8ha
2026-08-02T00:00:00.000,2,Alt Empordà,172109,Ventalló,0.14,0,0,0.14,9r29-e8ha
2026-08-02T00:00:00.000,2,Alt Empordà,172109,Ventalló,0,0,0,0,9r29-e8ha
2026-08-02T00:00:00.000,2,Alt Empordà,172109,Ventalló,0,0.01,0,0.01,9r29-e8ha
2026-08-02T00:00:00.000,2,Alt Empordà,171984,Torroella de Fluvià,0,0.45,0,0.45,9r29-e8ha
2026-08-02T00:00:00.000,2,Alt Empordà,172109,Ventalló,0,0.21,0,0.21,9r29-e8ha
2026-08-03T00:00:00.000,41,Vallès Oriental,81069,Llinars del Vallès,0,0.01,0,0.01,9r29-e8ha
2026-08-03T00:00:00.000,35,Solsonès,251484,Odèn,0.01,0,0,0.01,9r29-e8ha
2026-08-04T00:00:00.000,11,Baix Llobregat,83015,Viladecans,0,0.3,0,0.3,9r29-e8ha
2026-08-04T00:00:00.000,1,Alt Camp,430918,Mont-ral,0,0.01,0,0.01,9r29-e8ha
2026-08-04T00:00:00.000,1,Alt Camp,430918,Mont-ral,0,0,0,0,9r29-e8ha
2026-08-04T00:00:00.000,4,Alt Urgell,259101,Josa i Tuixén,0,0,0,0,9r29-e8ha
2026-08-04T00:00:00.000,14,Berguedà,80497,Casserres,0.05,0,0.08,0.05,9r29-e8ha
2026-08-05T00:00:00.000,20,Gironès,171557,Salt,0.03,1.64,0,1.67,9r29-e8ha
2026-08-06T00:00:00.000,36,Tarragonès,431482,Tarragona,0.07,0,0,0.07,9r29-e8ha
2026-08-06T00:00:00.000,10,Baix Empordà,17118,"Cruïlles, Monells i Sant Sadurní de l'Heura",0,0,0,0,9r29-e8ha
2026-08-06T00:00:00.000,6,Anoia,81043,"Llacuna, la",0,0,0,0,9r29-e8ha
2026-08-06T00:00:00.000,10,Baix Empordà,170852,Jafre,0.01,0,0,0.01,9r29-e8ha
2026-08-06T00:00:00.000,7,Bages,80109,Artés,0.06,0,0,0.06,9r29-e8ha
2026-08-06T00:00:00.000,7,Bages,81918,Sallent,0,0,0,0,9r29-e8ha
2026-08-06T00:00:00.000,2,Alt Empordà,170314,Cabanelles,0.05,0,0,0.05,9r29-e8ha
2026-08-06T00:00:00.000,41,Vallès Oriental,81056,"Llagosta, la",0,0.24,0,0.24,9r29-e8ha
2026-08-06T00:00:00.000,39,Val d'Aran,252430,Vielha e Mijaran,0,39.84,0,39.84,9r29-e8ha
2026-08-07T00:00:00.000,14,Berguedà,80924,Gironella,0.01,0,0,0.01,9r29-e8ha
2026-08-07T00:00:00.000,7,Bages,80902,Gaià,1.51,0,0,1.51,9r29-e8ha
2026-08-08T00:00:00.000,23,Noguera,251728,Ponts,0.03,0,0,0.03,9r29-e8ha
2026-08-08T00:00:00.000,26,Pallars Sobirà,250241,Alt Àneu,0.01,0.05,0,0.06,9r29-e8ha
2026-08-08T00:00:00.000,41,Vallès Oriental,80462,Cardedeu,0,0,0,0,9r29-e8ha
2026-08-08T00:00:00.000,11,Baix Llobregat,80771,Esplugues de Llobregat,0,0,0,0,9r29-e8ha
2026-08-08T00:00:00.000,10,Baix Empordà,179026,Forallac,0.18,0,0,0.18,9r29-e8ha
2026-08-08T00:00:00.000,21,Maresme,81108,Malgrat de Mar,0,0.03,0,0.03,9r29-e8ha
2026-08-08T00:00:00.000,4,Alt Urgell,251497,Oliana,0,0.06,0,0.06,9r29-e8ha
2026-08-08T00:00:00.000,25,Pallars Jussà,251615,Conca de Dalt,0,0,0,0,9r29-e8ha
2026-08-08T00:00:00.000,11,Baix Llobregat,81691,"Prat de Llobregat, el",0.5,2,0,2.5,9r29-e8ha
2026-08-09T00:00:00.000,33,Segrià,251207,Lleida,0,0.02,0,0.02,9r29-e8ha
2026-08-09T00:00:00.000,41,Vallès Oriental,80961,Granollers,0,0.05,0,0.05,9r29-e8ha
2026-08-09T00:00:00.000,4,Alt Urgell,251403,Montferrer i Castellbò,0,0,0,0,9r29-e8ha
2026-08-09T00:00:00.000,34,Selva,170950,Lloret de Mar,0.01,0,0,0.01,9r29-e8ha
2026-08-09T00:00:00.000,4,Alt Urgell,250772,Coll de Nargó,0.09,0,0,0.09,9r29-e8ha
2026-08-09T00:00:00.000,39,Val d'Aran,250254,Naut Aran,0,0.07,0,0.07,9r29-e8ha
2026-08-10T00:00:00.000,7,Bages,82628,Sant Vicenç de Castellet,0,0.27,0,0.27,9r29-e8ha
2026-08-10T00:00:00.000,35,Solsonès,251484,Odèn,0.01,0,0,0.01,9r29-e8ha
2026-08-10T00:00:00.000,4,Alt Urgell,259097,"Vansa i Fórnols, la",0.02,0,0,0.02,9r29-e8ha
2026-08-11T00:00:00.000,24,Osona,81995,Sant Bartomeu del Grau,0.42,0,0.21,0.42,9r29-e8ha
2026-08-11T00:00:00.000,14,Berguedà,81304,Montclar,0,0,0,0,9r29-e8ha
2026-08-12T00:00:00.000,3,Alt Penedès,80654,Castellví de la Marca,8.29,1.17,0,9.46,9r29-e8ha
2026-08-12T00:00:00.000,9,Baix Ebre,439018,Deltebre,0,0.03,0,0.03,9r29-e8ha
2026-08-12T00:00:00.000,11,Baix Llobregat,82956,Vallirana,0.01,0,0,0.01,9r29-e8ha
2026-08-12T00:00:00.000,8,Baix Camp,431671,Vilanova d'Escornalbou,0,0.08,0,0.08,9r29-e8ha
2026-08-12T00:00:00.000,39,Val d'Aran,250254,Naut Aran,0,7.02,0,7.02,9r29-e8ha
2026-08-13T00:00:00.000,11,Baix Llobregat,80689,Cervelló,0,0,0,0,9r29-e8ha
2026-08-13T00:00:00.000,20,Gironès,170792,Girona,0.09,0,0,0.09,9r29-e8ha
2026-08-13T00:00:00.000,40,Vallès Occidental,81878,Sabadell,0,0,0,0,9r29-e8ha
2026-08-13T00:00:00.000,10,Baix Empordà,179026,Forallac,0,0,0.01,0.01,9r29-e8ha
2026-08-13T00:00:00.000,41,Vallès Oriental,81069,Llinars del Vallès,0,0.01,0,0.01,9r29-e8ha
2026-08-13T00:00:00.000,32,Segarra,259118,"Plans de Sió, els",0,0,2.42,0,9r29-e8ha
2026-08-13T00:00:00.000,29,Priorat,430960,"Morera de Montsant, la",0.02,0.04,0,0.05,9r29-e8ha
2026-08-13T00:00:00.000,14,Berguedà,83089,Viver i Serrateix,0.05,0.01,0,0.06,9r29-e8ha
2026-08-13T00:00:00.000,40,Vallès Occidental,82798,Terrassa,0,0.01,0.02,0.01,9r29-e8ha
2026-08-13T00:00:00.000,11,Baix Llobregat,83015,Viladecans,0.23,0,0,0.23,9r29-e8ha
2026-08-14T00:00:00.000,13,Barcelonès,80193,Barcelona,2.62,5.85,0.02,8.47,9r29-e8ha
2026-08-14T00:00:00.000,13,Barcelonès,80193,Barcelona,3.8,6.22,0.02,10.02,9r29-e8ha
2026-08-15T00:00:00.000,23,Noguera,250156,Algerri,3.03,1.51,21.47,4.54,9r29-e8ha
2026-08-15T00:00:00.000,40,Vallès Occidental,81878,Sabadell,0,0.6,0,0.6,9r29-e8ha
2026-08-15T00:00:00.000,24,Osona,82460,Santa Eugènia de Berga,0,0.15,0,0.15,9r29-e8ha
2026-08-15T00:00:00.000,15,Cerdanya,170694,Fontanals de Cerdanya,0,0,0,0,9r29-e8ha
2026-08-15T00:00:00.000,31,Ripollès,171925,Setcases,0,0.06,0,0.06,9r29-e8ha
2026-08-16T00:00:00.000,40,Vallès Occidental,82520,Barberà del Vallès,0,0.04,0,0.04,9r29-e8ha
2026-08-16T00:00:00.000,2,Alt Empordà,170600,Darnius,0,0,0,0,9r29-e8ha
2026-08-16T00:00:00.000,26,Pallars Sobirà,250864,Esterri d'Àneu,0,0.3,0,0.3,9r29-e8ha
2026-08-16T00:00:00.000,42,Moianès,82589,Santa Maria d'Oló,0.26,0,0,0.26,9r29-e8ha
2026-08-16T00:00:00.000,10,Baix Empordà,171241,Pals,0,0,0,0,9r29-e8ha
2026-08-18T00:00:00.000,30,Ribera d'Ebre,431508,Tivissa,0,0.03,0,0.03,9r29-e8ha
2026-08-18T00:00:00.000,40,Vallès Occidental,81252,Montcada i Reixac,0,0,0.01,0,9r29-e8ha
2026-08-18T00:00:00.000,7,Bages,80538,Castellbell i el Vilar,0.06,0,0,0.06,9r29-e8ha
2026-08-19T00:00:00.000,6,Anoia,80636,Castellolí,0.02,0,0,0.02,9r29-e8ha
2026-08-19T00:00:00.000,3,Alt Penedès,80919,Gelida,1.5,0,0,1.5,9r29-e8ha
2026-08-19T00:00:00.000,6,Anoia,83020,Vilanova del Camí,0.08,0,0,0.08,9r29-e8ha
2026-08-19T00:00:00.000,40,Vallès Occidental,80543,Castellbisbal,0,0.02,0,0.02,9r29-e8ha
2026-08-21T00:00:00.000,14,Berguedà,80924,Gironella,0.01,0,0,0.01,9r29-e8ha
2026-08-21T00:00:00.000,8,Baix Camp,430923,Mont-roig del Camp,0.35,0,0,0.35,9r29-e8ha
2026-08-24T00:00:00.000,34,Selva,170335,Caldes de Malavella,0.02,0.05,0,0.07,9r29-e8ha
2026-08-25T00:00:00.000,13,Barcelonès,80193,Barcelona,8.87,45.53,0,54.4,9r29-e8ha
2026-08-26T00:00:00.000,16,Conca de Barberà,431423,Sarral,0.69,0.84,7.27,1.53,9r29-e8ha
